{"0": {"dices_mean": 0.9810381830617202, "ious_mean": 0.9627829468129426}, "0.05": {"dices_mean": 0.9591377390012994, "ious_mean": 0.9214855767087253}, "0.3": {"dices_mean": 0.9147890118611932, "ious_mean": 0.8429627823825776}, "0.01": {"dices_mean": 0.9743764225543797, "ious_mean": 0.9500343170899108}, "0.2": {"dices_mean": 0.9345526713425498, "ious_mean": 0.8771484209635086}, "0.15": {"dices_mean": 0.9412152785676912, "ious_mean": 0.8889605087877616}, "0.1": {"dices_mean": 0.9473962038970876, "ious_mean": 0.9000523286237572}}