{"0": {"ious_mean": 0.9671998506255057, "dices_mean": 0.9833259507688413}, "0.05": {"ious_mean": 0.9682619017868299, "dices_mean": 0.9838745516300035}, "0.3": {"ious_mean": 6.343165239454488e-05, "dices_mean": 6.343165239454488e-05}, "0.25": {"ious_mean": 0.28689925916545306, "dices_mean": 0.44584953008906164}, "0.01": {"ious_mean": 0.9672233300099701, "dices_mean": 0.9833380848300548}, "0.2": {"ious_mean": 0.9505601101445648, "dices_mean": 0.9746526775114704}, "0.15": {"ious_mean": 0.9670583822977872, "dices_mean": 0.9832528282699886}, "0.1": {"ious_mean": 0.9685916286053933, "dices_mean": 0.9840447509773385}, "0.4": {"ious_mean": 6.343165239454488e-05, "dices_mean": 6.343165239454488e-05}, "0.5": {"ious_mean": 6.343165239454488e-05, "dices_mean": 6.343165239454488e-05}}